measure,n,share_within_tol,max_rel_err,spearman
Connectivity,1100,1.0,0.0,1.0
Control,1092,1.0,7.999999362450542e-08,0.9999980297830824
Controllability,1092,1.0,9.199999158749611e-08,1.0
Node Count,1100,1.0,0.0,1.0
Total Depth,1092,1.0,0.0,1.0
Mean Depth,1092,1.0,6.841968218163981e-08,1.0
RA,1092,1.0,8.186526219337169e-08,1.0
RRA,1092,1.0,9.289390508002616e-08,1.0
Integration [HH],1092,1.0,1.0522562177771873e-07,1.0
Integration [P-value],1092,1.0,8.527011775989541e-08,1.0
Integration [Tekl],1092,1.0,4.860866288016271e-08,1.0
Integration [HH] R3,1092,1.0,8.577365929293147e-08,1.0
Choice,1092,0.16575091575091574,1000000000000.0,0.995762078549634
Choice R3,1092,0.2271062271062271,7252380952380.952,0.9939547300048297
