radius,measure,n,share_within_tol,max_rel_err,spearman
R400,Node Count,5459,1.0,0.0,1.0
R400,Total Depth,5458,1.0,4.9929788746934746e-08,0.9999999999999999
R400,Integration,5458,1.0,7.8124993907405e-08,0.9999999999999999
R400,Choice (depthmapX rule),5459,1.0,0.0,1.0
R400,Choice (clean rule),5459,0.4141784209562191,0.9318181818181818,0.9993111131638296
R400,Choice total: clean / depthmapX,5459,,,1.071073721015728
R800,Node Count,5459,1.0,0.0,1.0
R800,Total Depth,5459,1.0,4.9998440036119844e-08,1.0
R800,Integration,5459,1.0,9.357676543769932e-08,0.9999999999999999
R800,Choice (depthmapX rule),5459,0.9957867741344568,0.03812893081761006,0.9999995463873839
R800,Choice (clean rule),5459,0.4011723758930207,0.60375,0.9997701696145298
R800,Choice total: clean / depthmapX,5459,,,1.0249302724412241
R1200,Node Count,5459,1.0,0.0,0.9999999999999999
R1200,Total Depth,5459,0.9998168162667155,6.71139680729983e-05,0.9999999999999999
R1200,Integration,5459,0.9998168162667155,6.713833024764272e-05,0.9999999999077953
R1200,Choice (depthmapX rule),5459,0.9913903645356292,0.013764624913971095,0.9999999735518916
R1200,Choice (clean rule),5459,0.3986078036270379,0.4845758354755784,0.9998497209436581
R1200,Choice total: clean / depthmapX,5459,,,0.9978192043545991
Rn,Node Count,5459,1.0,0.0,
Rn,Total Depth,5459,1.0,2.635141652580527e-08,1.0
Rn,Integration,5459,1.0,1.0398009567858878e-07,1.0
Rn,Choice (depthmapX rule),5459,0.9967026928008793,0.004368586812963527,0.9999999959068405
Rn,Choice (clean rule),5459,0.3978750686939,0.4124011736897873,0.9997442526977278
Rn,Choice total: clean / depthmapX,5459,,,0.8993814340183811
