site,network,stub_free,family,radius,median_segment_m,ratio,spearman
copenhagen,copenhagen,False,closeness,400,61.72821153735515,0.15432052884338787,0.7885515985153776
copenhagen,copenhagen,False,betweenness,400,61.72821153735515,0.15432052884338787,0.6917313031436995
copenhagen,copenhagen,False,closeness,800,61.72821153735515,0.07716026442169394,0.8371706268458969
copenhagen,copenhagen,False,betweenness,800,61.72821153735515,0.07716026442169394,0.732119685477273
copenhagen,copenhagen,False,closeness,1200,61.72821153735515,0.05144017628112929,0.8637661777762987
copenhagen,copenhagen,False,betweenness,1200,61.72821153735515,0.05144017628112929,0.7291717964539476
copenhagen,copenhagen,False,closeness,2000,61.72821153735515,0.030864105768677576,0.9040537230880952
copenhagen,copenhagen,False,betweenness,2000,61.72821153735515,0.030864105768677576,0.7287850410669036
copenhagen,copenhagen_c0,True,closeness,400,26.635671398563034,0.06658917849640758,0.9172805904162415
copenhagen,copenhagen_c0,True,betweenness,400,26.635671398563034,0.06658917849640758,0.8959495625519918
copenhagen,copenhagen_c0,True,closeness,800,26.635671398563034,0.03329458924820379,0.9395092397447162
copenhagen,copenhagen_c0,True,betweenness,800,26.635671398563034,0.03329458924820379,0.9257958988215244
copenhagen,copenhagen_c0,True,closeness,1200,26.635671398563034,0.022196392832135863,0.9630786302111422
copenhagen,copenhagen_c0,True,betweenness,1200,26.635671398563034,0.022196392832135863,0.9351257517035488
copenhagen,copenhagen_c0,True,closeness,2000,26.635671398563034,0.013317835699281516,0.9862608674572436
copenhagen,copenhagen_c0,True,betweenness,2000,26.635671398563034,0.013317835699281516,0.9448131312409122
copenhagen,copenhagen_c10d,True,closeness,400,59.85521678898955,0.14963804197247388,0.8281345258771806
copenhagen,copenhagen_c10d,True,betweenness,400,59.85521678898955,0.14963804197247388,0.7333893363357311
copenhagen,copenhagen_c10d,True,closeness,800,59.85521678898955,0.07481902098623694,0.8964161483662083
copenhagen,copenhagen_c10d,True,betweenness,800,59.85521678898955,0.07481902098623694,0.8187543659095864
copenhagen,copenhagen_c10d,True,closeness,1200,59.85521678898955,0.04987934732415796,0.9257340059464068
copenhagen,copenhagen_c10d,True,betweenness,1200,59.85521678898955,0.04987934732415796,0.834931812898728
copenhagen,copenhagen_c10d,True,closeness,2000,59.85521678898955,0.029927608394494775,0.9486583952919106
copenhagen,copenhagen_c10d,True,betweenness,2000,59.85521678898955,0.029927608394494775,0.8437649657233485
copenhagen,copenhagen_c10dp,True,closeness,400,59.81284277344536,0.1495321069336134,0.8250045692120603
copenhagen,copenhagen_c10dp,True,betweenness,400,59.81284277344536,0.1495321069336134,0.7297480821699325
copenhagen,copenhagen_c10dp,True,closeness,800,59.81284277344536,0.0747660534668067,0.8946793746088173
copenhagen,copenhagen_c10dp,True,betweenness,800,59.81284277344536,0.0747660534668067,0.8216558455289781
copenhagen,copenhagen_c10dp,True,closeness,1200,59.81284277344536,0.0498440356445378,0.9244444639891426
copenhagen,copenhagen_c10dp,True,betweenness,1200,59.81284277344536,0.0498440356445378,0.8400374070942229
copenhagen,copenhagen_c10dp,True,closeness,2000,59.81284277344536,0.02990642138672268,0.9484723228828228
copenhagen,copenhagen_c10dp,True,betweenness,2000,59.81284277344536,0.02990642138672268,0.8498791921720397
copenhagen,copenhagen_c20,False,closeness,400,129.6779132231126,0.3241947830577815,0.7367493254715359
copenhagen,copenhagen_c20,False,betweenness,400,129.6779132231126,0.3241947830577815,0.5437908231540669
copenhagen,copenhagen_c20,False,closeness,800,129.6779132231126,0.16209739152889074,0.8506860779812123
copenhagen,copenhagen_c20,False,betweenness,800,129.6779132231126,0.16209739152889074,0.6589436292843137
copenhagen,copenhagen_c20,False,closeness,1200,129.6779132231126,0.10806492768592717,0.8888568378980137
copenhagen,copenhagen_c20,False,betweenness,1200,129.6779132231126,0.10806492768592717,0.6700999610466456
copenhagen,copenhagen_c20,False,closeness,2000,129.6779132231126,0.0648389566115563,0.9225942314164656
copenhagen,copenhagen_c20,False,betweenness,2000,129.6779132231126,0.0648389566115563,0.674721791070008
mumbai_island,mumbai_island,False,closeness,400,73.1638801304491,0.18290970032612275,0.6708813391892592
mumbai_island,mumbai_island,False,betweenness,400,73.1638801304491,0.18290970032612275,0.6193470759869437
mumbai_island,mumbai_island,False,closeness,800,73.1638801304491,0.09145485016306137,0.7831304651478477
mumbai_island,mumbai_island,False,betweenness,800,73.1638801304491,0.09145485016306137,0.6696169251451223
mumbai_island,mumbai_island,False,closeness,1200,73.1638801304491,0.060969900108707585,0.8176522721408677
mumbai_island,mumbai_island,False,betweenness,1200,73.1638801304491,0.060969900108707585,0.6626479924541492
mumbai_island,mumbai_island,False,closeness,2000,73.1638801304491,0.03658194006522455,0.8578645051093595
mumbai_island,mumbai_island,False,betweenness,2000,73.1638801304491,0.03658194006522455,0.6653438692034604
mumbai_island,mumbai_island_c0,True,closeness,400,42.927969082605784,0.10731992270651446,0.8982607779225681
mumbai_island,mumbai_island_c0,True,betweenness,400,42.927969082605784,0.10731992270651446,0.8492787052943441
mumbai_island,mumbai_island_c0,True,closeness,800,42.927969082605784,0.05365996135325723,0.931460208870219
mumbai_island,mumbai_island_c0,True,betweenness,800,42.927969082605784,0.05365996135325723,0.8946376808435057
mumbai_island,mumbai_island_c0,True,closeness,1200,42.927969082605784,0.035773307568838154,0.9371129441938896
mumbai_island,mumbai_island_c0,True,betweenness,1200,42.927969082605784,0.035773307568838154,0.9224766849018244
mumbai_island,mumbai_island_c0,True,closeness,2000,42.927969082605784,0.021463984541302893,0.9515066864394334
mumbai_island,mumbai_island_c0,True,betweenness,2000,42.927969082605784,0.021463984541302893,0.9485533346662668
mumbai_island,mumbai_island_c10d,True,closeness,400,70.87960733222829,0.17719901833057072,0.7982061789706988
mumbai_island,mumbai_island_c10d,True,betweenness,400,70.87960733222829,0.17719901833057072,0.6859095091868783
mumbai_island,mumbai_island_c10d,True,closeness,800,70.87960733222829,0.08859950916528536,0.8911475015872075
mumbai_island,mumbai_island_c10d,True,betweenness,800,70.87960733222829,0.08859950916528536,0.8110824903721352
mumbai_island,mumbai_island_c10d,True,closeness,1200,70.87960733222829,0.059066339443523574,0.9217432505853654
mumbai_island,mumbai_island_c10d,True,betweenness,1200,70.87960733222829,0.059066339443523574,0.8476431651039946
mumbai_island,mumbai_island_c10d,True,closeness,2000,70.87960733222829,0.03543980366611414,0.9490059372233964
mumbai_island,mumbai_island_c10d,True,betweenness,2000,70.87960733222829,0.03543980366611414,0.8737059623679423
mumbai_island,mumbai_island_c10dp,True,closeness,400,71.76223710842899,0.1794055927710725,0.7947834744260648
mumbai_island,mumbai_island_c10dp,True,betweenness,400,71.76223710842899,0.1794055927710725,0.6806833941737973
mumbai_island,mumbai_island_c10dp,True,closeness,800,71.76223710842899,0.08970279638553624,0.8916517974754954
mumbai_island,mumbai_island_c10dp,True,betweenness,800,71.76223710842899,0.08970279638553624,0.8086873165600963
mumbai_island,mumbai_island_c10dp,True,closeness,1200,71.76223710842899,0.05980186425702416,0.9232540403404138
mumbai_island,mumbai_island_c10dp,True,betweenness,1200,71.76223710842899,0.05980186425702416,0.8506611833080175
mumbai_island,mumbai_island_c10dp,True,closeness,2000,71.76223710842899,0.0358811185542145,0.952256852365619
mumbai_island,mumbai_island_c10dp,True,betweenness,2000,71.76223710842899,0.0358811185542145,0.8821956255482952
mumbai_island,mumbai_island_c20,False,closeness,400,116.4382804450616,0.291095701112654,0.6354479863621284
mumbai_island,mumbai_island_c20,False,betweenness,400,116.4382804450616,0.291095701112654,0.5052064125858087
mumbai_island,mumbai_island_c20,False,closeness,800,116.4382804450616,0.145547850556327,0.7842364360571223
mumbai_island,mumbai_island_c20,False,betweenness,800,116.4382804450616,0.145547850556327,0.6122661766400987
mumbai_island,mumbai_island_c20,False,closeness,1200,116.4382804450616,0.09703190037088466,0.8462028467953242
mumbai_island,mumbai_island_c20,False,betweenness,1200,116.4382804450616,0.09703190037088466,0.6177917963430298
mumbai_island,mumbai_island_c20,False,closeness,2000,116.4382804450616,0.058219140222530795,0.901095704258138
mumbai_island,mumbai_island_c20,False,betweenness,2000,116.4382804450616,0.058219140222530795,0.61033139508971
