run,measure,radius,spearman
dharavi@0,nach,400,0.892
dharavi@500,nach,400,1.0
dharavi@1000,nach,400,1.0
dharavi@2000,nach,400,1.0
dharavi@4000,nach,400,1.0
gnorth@2000,nach,400,1.0
island@2000,nach,400,1.0
dharavi@0,nach,800,0.862
dharavi@500,nach,800,1.0
dharavi@1000,nach,800,1.0
dharavi@2000,nach,800,1.0
dharavi@4000,nach,800,1.0
gnorth@2000,nach,800,1.0
island@2000,nach,800,1.0
dharavi@0,nach,2000,0.786
dharavi@500,nach,2000,0.984
dharavi@1000,nach,2000,0.999
dharavi@2000,nach,2000,1.0
dharavi@4000,nach,2000,1.0
gnorth@2000,nach,2000,1.0
island@2000,nach,2000,1.0
dharavi@0,nach,n,0.679
dharavi@500,nach,n,0.909
dharavi@1000,nach,n,0.977
dharavi@2000,nach,n,0.985
dharavi@4000,nach,n,0.993
gnorth@2000,nach,n,0.989
island@2000,nach,n,0.977
dharavi@0,nain,400,0.916
dharavi@500,nain,400,1.0
dharavi@1000,nain,400,1.0
dharavi@2000,nain,400,1.0
dharavi@4000,nain,400,1.0
gnorth@2000,nain,400,1.0
island@2000,nain,400,1.0
dharavi@0,nain,800,0.785
dharavi@500,nain,800,1.0
dharavi@1000,nain,800,1.0
dharavi@2000,nain,800,1.0
dharavi@4000,nain,800,1.0
gnorth@2000,nain,800,1.0
island@2000,nain,800,1.0
dharavi@0,nain,2000,0.573
dharavi@500,nain,2000,0.942
dharavi@1000,nain,2000,0.997
dharavi@2000,nain,2000,1.0
dharavi@4000,nain,2000,1.0
gnorth@2000,nain,2000,1.0
island@2000,nain,2000,1.0
dharavi@0,nain,n,0.529
dharavi@500,nain,n,0.856
dharavi@1000,nain,n,0.962
dharavi@2000,nain,n,0.965
dharavi@4000,nain,n,0.991
gnorth@2000,nain,n,0.951
island@2000,nain,n,0.829
